seed,sample,ranking_score
1,0,0.9253669928196536
1,1,0.9239670325197262
1,2,0.9247476429147443
1,3,0.9198225704666668
1,4,0.9244680695811295
2,0,0.9197485925978635
2,1,0.9221106365523827
2,2,0.9256802147712595
2,3,0.9153881419777036
2,4,0.9180159704712337
3,0,0.9190079084647743
3,1,0.9211864713235451
3,2,0.9170702280926223
3,3,0.9156817460576259
3,4,0.9183968102319394
